Word,definition,mean_valence,mean_arousal,mean_conc,mean_humor
'cher,"(noun) Corruption and abbreviation of ""teacher."" Origin: English.",6.01111111111111,4.91025641025641,4.15873015873016,3.13114754098361
11B,(noun) Singapore Armed Forces identity card issued to servicemen during National Service. Origin: English.,4.21276595744681,6.21428571428571,4.19354838709677,2.61538461538462
4D,(noun) Local four-digit lottery game run by Singapore Pools. Origin: English.,5.91764705882353,5.3974358974359,4.43333333333333,2.6
5Cs,"(noun) Refers to the 5 Cs of Singapore (cash, car, credit card, condominium, country club membership), commonly associated with materialistic success in modern Singapore. Origin: English.",4.8135593220339,4.56818181818182,3.63636363636364,2.59375
ACBC,"(noun) Acronym for ""act cute, buay cute""; describes someone trying to be overly cutesy but coming across as annoying. Origin: English; Hokkien.",4.42105263157895,5.30434782608696,2.1,2.53333333333333
Ah Beng,"(noun) A term for someone with poor dress sense or lacking sophistication, associated with gangsters. The male counterpart to an ""Ah Lian"" or ""Ah Huay."" Origin: Hokkien.",3.61111111111111,5.51851851851852,3.85714285714286,3
Ah Huay,(noun) A term for a young Chinese woman who is often a sidekick to an Ah Lian or the female counterpart to Ah Seng. Sometimes used to refer to a gangster. Origin: Hokkien.,4.44117647058824,4.5625,3.05263157894737,2.82758620689655
Ah Lian,"(noun) A term for a young Chinese woman with poor dress sense, often associated with a hillbilly or gangster. The female counterpart to Ah Beng. Origin: Hokkien.",3.84444444444444,5.45121951219512,3.96774193548387,3.17741935483871
Ah Long,(noun) 1. Slang term for a loan shark. 2. Sometimes used to refer to Lee Hsien Loong. Origin: Cantonese.,2.60714285714286,5.775,4.03333333333333,2.56140350877193
Ah Seng,"(noun) 1. A young Chinese man who is stereotypically uncouth, unrefined, and gangster-like. 2. John Doe; a generic name for an anonymous or unknown male. Origin: Hokkien.",4.58823529411765,4.75,3.44117647058824,2.66666666666667
O$P$,"(expression) Stands for ""Owe Money Pay Money."" Used in threats from loan sharks, often scrawled in markers or spray paint outside debtors' units. Origin: English; Chinese.",3.10714285714286,6.54545454545455,3.49180327868852,2.71666666666667
ORD,"(noun/verb) 1. Short form of ""Operationally Ready Date,"" the date when a full-time National Serviceman completes his full-time stint of National Service. 2. To reach one's Operationally Ready Date or to be released from one's full-time National Service duties. Origin: English.",7.13953488372093,6.16049382716049,3.93333333333333,2.66666666666667
Obasan,(noun) A term used to describe a women who is sloppily dressed and out of fashion. Origin: Japanese.,4.8695652173913,4.97222222222222,3.41935483870968,3.02941176470588
abit,(adverb) 1. A little; to an extent. 2. Quite; rather; very. Origin: English.,5.8876404494382,3.69135802469136,2.67741935483871,2.35483870967742
abuden,"(interjection) Used to express obviousness or imply ""What else could it have been?"" Equivalent to ""duh."" Origin: Hokkien.",4.95505617977528,5.81707317073171,1.82258064516129,3.58064516129032
act blur,(verb) To feign ignorance. Origin: English.,4.41573033707865,5.52439024390244,3.22222222222222,3.16129032258065
act cute,"(verb/adjective) To behave in a cutesy or quirky manner, often exaggeratedly. Origin: English.",4.46666666666667,4.95121951219512,3.34920634920635,2.90322580645161
action,(adjective/verb) 1. Refers to a person perceived as arrogant or haughty. 2. To show off. Origin: English.,5.16279069767442,4.96341463414634,2.82692307692308,3.11764705882353
agak agak,(verb/adjective/adverb) 1. To estimate or guess. 2. Estimated; through guesswork. 3. Approximately; roughly. Origin: Malay.,6.07594936708861,4.19178082191781,2.73076923076923,2.77777777777778
agar-ration,(noun) An estimate or rough approximation. Origin: Malay; English.,5.98765432098765,5.14473684210526,2.74576271186441,3.38333333333333
ah,"(interjection/particle/conjunction) 1. An exclamation used to express surprise or emphasis. 2. Used at the end of a sentence to express doubt, similar to ""ar."" 3. Indicates the speaker is awaiting confirmation or acknowledgment. 4. A filler word marking the point between the sentence topic and the rest of the sentence; emphasizes and calls attention to the sentence topic before continuing. 5. Indicates acknowledgment or approval. Origin: Chinese.",6,4.24691358024691,1.51666666666667,2.27868852459016
ah gua,(noun) 1. A male transvestite. 2. An effeminate man. 3. A trans woman; a male-to-female transgender person. 4. A male prostitute. Origin: Hokkien.,3.15584415584416,6,3.48148148148148,3.16666666666667
ah tiong,(noun) A derogatory term for Chinese nationals. Origin: Hokkien.,4.21428571428571,5.16666666666667,3.42307692307692,3.12903225806452
ai see,"(adjective) Used to describe someone in a precarious or risky situation, often on thin ice. Origin: Hokkien.",4.45614035087719,5.35294117647059,2.21052631578947,2.97560975609756
ai swee,(adjective) Refers to a person who is  conscious of or obsessed with beauty. Origin: Hokkien.,5.890625,5.140625,2.11627906976744,2.9622641509434
ai swee mai m'niah,(adjective) Used to describe someone so vain and beauty- or fashion-conscious that their life or well-being is compromised. Origin: Hokkien.,5.38235294117647,5.96774193548387,2.23529411764706,3.08333333333333
ai tzai,(expression) Used in a reassuring phrase to calm people down; stay calm. Origin: Hokkien.,5.4,4.76666666666667,2.22727272727273,2.75
aiyah,"(interjection) Expresses surprise, frustration, admiration, or pain, similar to ""Oh no!"" or ""Oh dear!"" Origin: Chinese; Tamil.",5.33333333333333,4.98780487804878,1.6031746031746,2.91803278688525
akan datang,"(adjective/interjection) Means ""coming soon,"" used to reassure an impatient person. Origin: Malay.",5.28125,4.69230769230769,2.77777777777778,2.2
alamak,"(interjection) Expresses shock or surprise, similar to ""Oh dear"" Origin: Malay.",5.43333333333333,5.64634146341463,1.98412698412698,3.69354838709677
amacam,"(interjection) Used as a greeting, similar to ""What's up?"" Origin: Malay.",4.84,5.10714285714286,2.08695652173913,3.1
an zhua?,"(interjection) 1. Meaning ""What’s the matter?"" or ""What’s up?"" 2. ""Hello""; used to answer the phone. Origin: Hokkien.",4.64285714285714,5.77777777777778,1.8974358974359,3.07142857142857
ang bao / hong bao,"(noun) A red packet containing money, typically given during Chinese New Year or special occasions as a gesture of good wishes. Origin: Hokkien.",8.29213483146067,6.76543209876543,4.56451612903226,2.09677419354839
ar,(verb) 1. To get into someone's good books. 2. To get or be friendly with. Origin: Hokkien.,5.69565217391304,4.67741935483871,1.53488372093023,2.64705882352941
ar bo,(conjunction) Otherwise; or; if not. Origin: Hokkien.,4.875,5.22857142857143,1.84,2.75757575757576
atas,"(adjective) Used to describe a snobbish or arrogant person or a ""high class,"" well-to-do, or sophisticated person. Origin: Malay.",6.44444444444444,5.25609756097561,2.87301587301587,2.79032258064516
ayam,(noun) 1. Someone who is easily intimidated. 2. A chicken. 3. Chicken meat. 4. A popular brand of condiments and canned foods. Origin: Malay.,6.58024691358025,4.66666666666667,4.28571428571429,2.26785714285714
bak kua,"(noun) A Chinese salty-sweet dried meat product, similar to jerky. Origin: Hokkien.",7.03333333333333,5.075,4.32258064516129,2.13793103448276
balik kampong,(verb) To pack up one's things and go home; refers to returning to one's hometown. Origin: Malay.,6.55555555555556,5.53968253968254,3.07843137254902,2.90566037735849
bao toh,(verb) The act of backstabbing someone. Origin: Hokkien.,3.72916666666667,6.02173913043478,2.63888888888889,3
barang barang,(noun) Personal belongings. Origin: Malay.,5.52325581395349,4.47368421052632,3.96610169491525,2.84745762711864
belanja,(verb) To treat or pay for someone. Origin: Malay.,6.50724637681159,5.50793650793651,3,2.61224489795918
berak,(verb/noun) 1. To defecate. 2. Faeces; poop. Origin: Malay.,4.13888888888889,5.3,3.95833333333333,3.1
bo beh zao,(adjective) Used to describe something of unrivaled excellence; the very best. Derived from horse racing jargon. Origin: Hokkien; Teochew.,4.88888888888889,6.21621621621622,2.24,3.125
bo chap,(verb/adjective) 1. To not care or disregard something. 2. Indifferent; unbothered. Origin: Hokkien.,4.37349397590361,4.37662337662338,2.78688524590164,3.12903225806452
bo eng,(adjective) To have little or no time on one's hands; busy. Origin: Hokkien.,4.25,5.11666666666667,2.57894736842105,2.66666666666667
bo geh,(adjective/noun) Used to describe someone with a missing tooth. Origin: Hokkien.,4.37179487179487,5.14705882352941,4,3.84905660377358
bo jio,(verb/interjection) 1. To not invite somebody to a social event or activity. 2. Expression of grievance at being left out of a social event. Origin: Hokkien.,4.39080459770115,6.03658536585366,2.74603174603175,3
bo liao,(adjective) Describes idleness; bored; tedious. Origin: Hokkien.,4.80898876404494,5.0875,2.45161290322581,3.06451612903226
bo pian,(expression) There is nothing that can be done; no choice. Origin: Hokkien; Teochew.,4.48863636363636,4.8625,2.33870967741935,3.14516129032258
bo ta bo lan pa,"(expression) Used in drinking culture to mean ""bottoms up."" Origin: Hokkien.",4.76,7.11627906976744,2.31428571428571,3.75609756097561
bo tao boh peh,(expression) A story or statement that lacks coherence or connection; incomprehensible; hard to understand or follow. Origin: Hokkien.,4.66666666666667,5.75757575757576,2.30434782608696,3.04166666666667
bo zheng hu,"(adjective) Describes a situation with no governance or authority, implying disorder or anarchy. Origin: Hokkien.",5.23076923076923,5.35135135135135,2.53125,3.38235294117647
bodoh,(adjective) Used to describe someone as an idiot or ignorant. Origin: Malay.,4.04444444444444,6.21951219512195,2.95238095238095,3.51612903225806
boleh,(verb) 1. Can; to be able to. 2. May; to be permitted to. Origin: Malay.,6.61627906976744,4.93670886075949,2.41666666666667,2.87096774193548
botak,(adjective) Bald; balding. Origin: Malay.,4.67777777777778,4.82926829268293,4.50793650793651,3.75806451612903
buay,(verb) Cannot; unable to. Origin: Hokkien.,4.74647887323944,4.89041095890411,2.09615384615385,2.53448275862069
buay gan,(adjective) Useless; incompetent. Origin: Hokkien.,3.76315789473684,5.48837209302326,2.72413793103448,2.68965517241379
buay pai,(adjective) Not bad; acceptable; decent. Origin: Hokkien.,6.12068965517241,5.34545454545455,2.44444444444444,2.97777777777778
buay song,"(adjective) To be unhappy, uncomfortable, or angry about something. Origin: Hokkien.",3.49350649350649,6.08450704225352,2.85964912280702,2.96428571428571
buay steady,(adjective) Used to describe someone whose conduct spoils the pleasure of others; a spoilsport. Origin: Hokkien; English.,4.40963855421687,5.05,2.38333333333333,3.0655737704918
buay tahan,(verb) Unable to withstand or endure; intolerable. Origin: Hokkien; Malay.,4.01111111111111,5.57317073170732,2.59677419354839,3.33333333333333
buaya,(noun) Refers to a womanizer or flirt. Origin: Malay.,4.12903225806452,5.39285714285714,2.72222222222222,2.2
catch no ball,(verb) Unable to understand something that someone says; to not grasp or comprehend. Origin: Hokkien.,4.50684931506849,5.22950819672131,2.37037037037037,3.35185185185185
cert,"(noun) Abbreviation of ""certificate."" Origin: English.",5.92647058823529,4.21666666666667,4.08163265306122,2.07692307692308
chao,(adjective) 1. Used to refer to foul smells. 2. Bad; detestable; undesirable. Origin: Hokkien; Teochew.,4.59259259259259,6.54285714285714,2.56363636363636,3.26315789473684
chao geng,(verb) Feigning sickness or injury or shrinking responsibility by giving excuses. Origin: Hokkien.,4.30379746835443,6.37333333333333,3.15254237288136,3.23333333333333
chao mugger,(noun) A person who frequently crams for tests due to fear of failure. Origin: Hokkien; English.,3.86046511627907,6.36986301369863,3.26229508196721,3.45
chap lau chu,(noun) One of the original ten-storey HDB flats built by the Housing and Development Board in the 1960s.,5.44444444444444,5.45,2.83333333333333,2.76923076923077
chee bai,"(noun) A vulgar term used to refer to the female genitalia, often used as a swear word in various contexts. Origin: Hokkien.",3.58888888888889,7.01234567901235,2.40983606557377,3.59677419354839
chee ko pek / ti ko pek,(noun) A slang term used to describe a pervert or a lecher. Origin: Hokkien.,2.32926829268293,6.64383561643836,3.79310344827586,3.5
cheem / chim,(adjective) Used to describe something or a situation that is extremely hard to understand or comprehend. Origin: Hokkien; Teochew.,4.78651685393258,5.29268292682927,2.65079365079365,2.88709677419355
chicken business,(noun) Prostitution; sex work. Origin: English; Cantonese.,4.02173913043478,4.49056603773585,2.23529411764706,3.1
chin chai,"(adjective/adverb) Used to mean ""anything"" or ""whatever,"" often when someone is indifferent or unwilling to make a decision. Can also describe doing something in a half-hearted manner. Origin: Hokkien.",5.9875,4.39473684210526,2.18181818181818,2.82758620689655
chio bu,"(noun) Originally a derogatory term meaning ""a sexually receptive woman,"" it is now commonly used to describe or compliment an attractive woman. Origin: Hokkien.",6.55555555555556,6.18518518518519,4,2.96774193548387
chiong,(verb) To rush or charge forward with urgency. Origin: Hokkien.,5.58888888888889,6.42682926829268,3.2741935483871,2.93548387096774
chiu kana kah,(expression) Used to describe a clumsy person. Origin: Hokkien.,4.38461538461539,5.36842105263158,3.38461538461538,3.4375
chop,(noun/verb) Refers to a stamp or seal. Origin: Hindi.,5.67469879518072,5.11842105263158,3.41379310344828,3.05660377358491
chop chop,(interjection) Used to tell someone to do something quickly. Origin: English.,5.24719101123596,5.7125,2.54838709677419,3.03225806451613
chope,"(verb) Slang for reserving a seat, often by placing an object like a tissue packet. Origin: Malay; Hindi.",6.26966292134831,4.97560975609756,3.98412698412698,2.5
cmi,"(verb/adjective) Acronym for ""Can't make it,"" used to describe someone or something as incompetent or failing. Origin: English.",4.54444444444444,5.42682926829268,2.46031746031746,3.09836065573771
cockanaathan,(noun) An extreme term for someone who is useless or stupid; a moron. Origin: Tamil; English.,3.9,5.59259259259259,1.92307692307692,3.17391304347826
corright,"(adjective/interjection) A blend of ""correct"" and ""right,"" used to confirm accuracy. Origin: English.",5.50746268656716,5.13235294117647,2.48,3.35849056603774
da bao,(verb/adjective/noun) 1. To take away; to order to go. 2. Packed for take away. 3. Food or an order of food that is packed to go. Origin: Cantonese.,6.94444444444444,4.19753086419753,4.16129032258065,2
damn,"(adverb) Used to intensify a statement, meaning ""very."" Origin: English.",6.14444444444444,5.39024390243902,1.95238095238095,2.95161290322581
dey,"(interjection) Used to call someone in a friendly, informal way, similar to ""Hey!"" Used only towards friends or someone of the same age. Origin: Tamil.",5.18571428571429,5.19672131147541,1.92592592592593,3.32692307692308
diam,"(verb/interjection/adverb) 1. ""To be quiet"" or ""shut up."" Used to tell someone to stop talking or to remain silent. 2. In a military setting, it means to freeze where one is and not move until given a command to be at ease. Origin: Malay; Min Nan.",3.72941176470588,6.25925925925926,3.11475409836066,3.24590163934426
don't play play,"(expression) A warning to someone to be serious or not to joke around. Popularized by Gurmit Singh’s character, Phua Chu Kang, from the TV sitcom of the same name.",5.07777777777778,5.65853658536585,2.12698412698413,3.33870967741935
double confirm,"(adverb/verb) To confirm and reconfirm, emphasizing the certainty or seriousness of the confirmation. Origin: English.",6.34444444444444,4.81707317073171,2.50793650793651,2.96774193548387
du lan,(adjective) 1. A swear term used to express being extremely pissed off. 2. Annoying; difficult; unaccommodating. Origin: Hokkien.,3.21917808219178,6.44444444444444,2.76,3.20754716981132
dunnid,"(verb) A corruption of ""don't need,"" used informally to indicate that something is unnecessary. Origin: English.",5.54444444444444,4.15853658536585,2.71428571428571,2.61290322580645
echerley,"(adverb) A corruption of ""actually,"" used informally in speech. Origin: English.",4.82758620689655,4.81132075471698,2.07142857142857,3.34090909090909
eeyer,(interjection) Used to express disgust or distaste. Origin: Cantonese.,4.15294117647059,5.76923076923077,2.22950819672131,3.41935483870968
encik,"(noun) A term used to address a male, equivalent to ""Mister"". In a military context, it refers to a male warrant officer. Origin: Malay.",4.52272727272727,5.15189873417722,4.13333333333333,2.56451612903226
eye power,(noun/verb) 1. A sarcastic term used to describe someone who does not contribute in group work and merely watches on. This term is often associated with military officers. 2. To stand by idly watching a task instead of helping. Origin: English.,5.18181818181818,5.55555555555556,3.23809523809524,3.53225806451613
gabra,(adjective) 1. Used to describe someone who is confused or disorganized. 2. A chaotic; disorderly situation. Origin: Malay.,4.13793103448276,5.65384615384615,2.75,2.66666666666667
gahmen,"(noun) Mispronunciation of the word ""government""; often used to criticize the government, particularly in written form, to avoid potential legal action. Origin: English.",4.69333333333333,5.52238805970149,4.07017543859649,3.45762711864407
garang,(adjective) Used to describe someone as courageous or enthusiastic; fiercely competitive. Origin: Malay.,5.59722222222222,5.31884057971014,3.06666666666667,2.68627450980392
geh geh,(adjective) Describes someone who is playing dumb; to feign ignorance. Origin: Hokkien.,4.76785714285714,5.40384615384615,2.6,3.0952380952381
geh kiang,(adjective) Used to describe someone who makes rash decisions without thinking or someone who pretends to know what they are doing. Origin: Hokkien.,3.79487179487179,6.30666666666667,2.57407407407407,3.31578947368421
get,(adjective) Very cheeky; mischievous. Origin: Hokkien.,5.85365853658537,4.33823529411765,2.52941176470588,3.025
gone-case,(noun) Refers to someone or something that is doomed or beyond help. Origin: English.,3.75555555555556,5.9390243902439,2.50793650793651,3.30645161290323
goondu,(noun) A term used to describe an idiot or fool. Origin: Tamil.,4.09523809523809,6.05333333333333,2.91935483870968,3.57627118644068
gostan,(verb) To reverse or go in the backward direction. Origin: English.,5.32432432432432,5.0625,3.85185185185185,3.16981132075472
guai lan,(adjective) Used to describe someone who is hard to please or get along with; being difficult; annoying. Origin: Hokkien.,3.62162162162162,6.47692307692308,2.56603773584906,3.10909090909091
handphone,(noun) Mobile phone or smartphone. Origin: English.,6.35227272727273,4.01219512195122,4.64516129032258,1.55737704918033
hao lian,"(adjective/verb) A term used to describe someone who loves to boast or show off, often in a narcissistic manner. Origin: Teochew.",3.14457831325301,5.87012987012987,2.86206896551724,2.68421052631579
helication,"(noun) A corruption of the word ""education."" Origin: English.",3.77777777777778,3.91666666666667,2.5,2.375
heng,(adjective/interjection) To be lucky or fortunate. Origin: Hokkien.,7.48863636363636,4.95121951219512,2.33333333333333,3.17741935483871
ho liao,(verb) Done or finished. Origin: Hokkien.,6.2741935483871,5.52307692307692,2.55102040816327,3.04166666666667
ho seh,"(adjective/interjection) Good; well. Often used as an interjection to express approval, satisfaction, or affirmation. Origin: Hokkien.",5.9125,6.09859154929577,2.11111111111111,3.07407407407407
hong gan,"(interjection/verb) Used to express extreme anger or disappointment, typically meaning ""we are screwed"" or ""we're in trouble."" Origin: Hokkien.",4.42592592592593,6.82692307692308,2.43589743589744,3.35
horlan,"(noun/verb) A term used to describe finding oneself in a far-off or unexpected place, often with an unpleasant outcome. It can also refer to being physically lost, especially in a military context. Origin: English.",4.52380952380952,5.84615384615385,2.5,3.63333333333333
huat,"(verb) To prosper or flourish. Commonly used in expressions like ""huat ah!"" to wish someone good luck or success, particularly in business or personal endeavors. Origin: Hokkien.",8,6.98780487804878,2.46666666666667,3.20967741935484
hum ji,(adjective) A term used to describe cowardly behavior; scared; lacking courage. Origin: Hokkien.,3.88372093023256,5.93478260869565,2.62068965517241,3
ini macam,"(adverb) A Malay phrase meaning ""like this"" or ""that's how."" It is often used to describe a situation or explain something in a casual manner. Origin: Malay.",5.54545454545455,5.22,2.03030303030303,2.81081081081081
jelak,"(adjective) A term used to describe the feeling of being overly satiated by food to the point of repulsion, particularly when the food is too rich or heavy. Origin: Malay.",4.04109589041096,5.33783783783784,2.9811320754717,2.45098039215686
jia lat,(adjective) A term used to describe being in trouble or a terrible situation. Origin: Hokkien.,4.21111111111111,6.28048780487805,2.37096774193548,3.40322580645161
jiak,"(verb) A term meaning ""to eat."" Origin: Hokkien/Teochew.",6.86567164179105,5.05970149253731,3.63265306122449,2.25
jiak chao,"(verb) A term meaning ""to eat grass,"" used metaphorically to describe being broke or having no money for daily expenses. Origin: Hokkien/Teochew.",4.57894736842105,5.75862068965517,2.57894736842105,3.24137931034483
jiak kantang,"(verb/adjective) A term used to describe someone who is heavily influenced by Western culture, often at the expense of their own Asian heritage; westernized. Origin: Hokkien; Malay.",4.63157894736842,5.53191489361702,2.37142857142857,3.34782608695652
jiak zua,"(verb) A term used to describe someone who slacks off or avoids work, especially while on duty or during responsibilities. Origin: Hokkien/Teochew.",4.34615384615385,5.5,2.75,3.31578947368421
jio,(verb) To invite someone to join an activity or go out. Origin: Hokkien.,6.95555555555556,5.6875,2.9672131147541,2.48387096774194
kae ang moh,(adjective) Describes someone who tries to act like a Westerner. Origin: Hokkien.,4.1875,5.72881355932203,3.22448979591837,3
kampung,(noun) A village; figuratively used to refer to one's hometown or place of origin. Origin: Malay.,6.01123595505618,4.01219512195122,4.08064516129032,1.9344262295082
kar chng,"(noun) A term meaning ""buttocks."" Origin: Hokkien.",5.3015873015873,5.54237288135593,3.65909090909091,3.59183673469388
kar pak,(noun) Parking lot; car park. Origin: English.,5.06896551724138,4.09615384615385,3.66666666666667,2.84090909090909
kaypoh,(noun/adjective) A busybody; someone who is overly inquisitive or meddles in others' affairs. Origin: Hokkien.,5.03333333333333,5.80246913580247,2.93650793650794,3.32258064516129
kayu,"(adjective) Originally used in soccer to accuse referees of being biased or blind to fouls. More generally, describes someone who is ignorant or dull. Origin: Malay.",4.51063829787234,5.52777777777778,2.8125,2.85294117647059
kee siao,(verb) To go mad or act crazily. Often used in a scolding context. Origin: Hokkien/Teochew.,3.83132530120482,6.43037974683544,2.43859649122807,3.55555555555556
keling kia,(noun) A derogatory slur historically used to refer to Tamil Indians or a person with an Indian accent. Origin: Hokkien.,3.93478260869565,5.97058823529412,3.23333333333333,2.64516129032258
kena,(verb) To be afflicted with or suffer from something. Origin: Malay.,4.24444444444444,5.41463414634146,2.47619047619048,3.2258064516129
kena sai,(verb) To get into deep trouble or a difficult situation. Origin: Malay; Hokkien.,3.87640449438202,6.67073170731707,1.73015873015873,3.62903225806452
kenz,"(verb) Shortened form of ""kena,"" meaning to be afflicted with or suffer from something. Origin: Malay.",5.28260869565217,4.57142857142857,2.34615384615385,3
ki chia,(verb) To die; refers to the loading of a coffin or casket into a hearse. Origin: Hokkien.,4.6,5.22727272727273,2.55555555555556,3.125
kiam,(adjective) 1. Salty. 2. Used to describe a stingy or frugal person. Origin: Hokkien.,4.43589743589744,5.24390243902439,2.76,2.66666666666667
kiam pa,(verb) Used to say that the appearance or actions of an individual evoke a desire to physically hit them. Origin: Hokkien.,4.10869565217391,6.06818181818182,2.71875,3.66666666666667
kiasi,"(adjective) Used to describe someone who is overly fearful or anxious, particularly about potential negative outcomes; afraid of death. Origin: Hokkien.",4.21951219512195,5.64935064935065,2.38983050847458,3.12068965517241
kiasu,"(adjective) Used to describe someone who is overly competitive or afraid of losing, often going to extremes to avoid failure or to gain an advantage. Origin: Hokkien/Teochew.",4.3,5.53658536585366,2.68253968253968,2.74193548387097
kilat,(adjective) Used to describe something or someone as excellent or outstanding. Commonly used in the military. Origin: Malay.,5.19354838709677,5.37037037037037,2.94736842105263,2.33333333333333
kong ka kiao,"(verb) Used to refer to dying, often in a dramatic or exaggerated context. Origin: Hokkien/Teochew.",3.8,6.2,2.6875,3.36
kopi,"(noun) Coffee; commonly used in the context of drinking coffee, especially in local coffee shops. Origin: English; Malay; Colloquial Tamil.",7.01123595505618,4.89024390243902,4.68253968253968,2.04838709677419
kopitiam,"(noun) A traditional coffee shop or food centre in Singapore, where coffee, local dishes, and snacks are served. Origin: Malay; Hokkien.",7.08888888888889,4.34146341463415,4.52380952380952,1.7741935483871
koyah,"(adjective) Used to describe an object that is torn, damaged, or spoiled. Origin: Malay.",4.26470588235294,5.57142857142857,3.15,2.90909090909091
ku ku jiao,(noun) A crude term used to refer to the male genitalia. Origin: Hokkien.,4.26436781609195,6.22368421052632,3.87096774193548,3.60655737704918
la sai,(verb) To create trouble or stir up problems. Origin: Hokkien; Teochew.,3.90322580645161,5.25641025641026,2.52173913043478,2.6
lagi,(adverb) To want more of something. Origin: Malay.,5.37179487179487,5.33333333333333,1.85714285714286,2.81481481481481
lah,"(particle) Used at the end of a sentence or phrase to add emphasis or express an exclamation; used to emphasise the mood or emotion conveyed by the speaker, impart a reassuring tone, or indicate skepticism or sarcasm. Origin: Cantonese.",6.1,4.32926829268293,1.52459016393443,2.38709677419355
lan jiao,(noun) A crude term referring to male genitalia. Origin: Hokkien; Teochew.,3.97727272727273,6.70512820512821,3.25806451612903,3.49180327868852
lao lan,"(adjective) Used to describe someone who is arrogant, egoistic, or pretentious. Origin: Hokkien; Teochew.",4.06060606060606,5.2,2.45,3.04761904761905
lao pei huet,"(verb) To have a nosebleed, typically used as a reaction upon seeing a pretty girl. Origin: Hokkien; Cantonese.",4.34782608695652,5,2.89473684210526,3.0625
lao sai,(verb) To get diarrhoea. Origin: Hokkien; Teochew.,3.87777777777778,6.24390243902439,4.25396825396825,3.51612903225806
leh,(particle) Tagged at the end of a sentence to add emphasis. Origin: Hokkien.,5.8314606741573,4.6125,1.57142857142857,2.56451612903226
leh chey,(adjective) Describes a troublesome or annoying situation. Origin: Malay.,4.32432432432432,5.21875,2.19642857142857,2.94339622641509
lepak,"(verb) To relax or hang out, usually in a casual or carefree manner. Origin: Malay.",7.29411764705882,3.50666666666667,3.56451612903226,3.08196721311475
liao,"(adverb) Means ""already"" or ""over"" often indicating the past tense. Origin: Hokkien.",5.98876404494382,4.32098765432099,1.6984126984127,2.44262295081967
liddat,(adjective/adverb) Used to describe something that is like or similar to something else. Origin: English.,5.64444444444444,4.33333333333333,1.88888888888889,3.12903225806452
liek boh kiew,(verb) Used when one is unable to comprehend what others are saying. Origin: Hokkien.,3.94117647058824,5.15384615384615,2.41666666666667,3.25
limbu,"(pronoun) An condescending or humorous way to say ""I"" or ""me"". Used by females. Origin: Hokkien.",4.63793103448276,5.38181818181818,3.46153846153846,3.17777777777778
limpeh,"(pronoun) A condescending or humorous way to say ""I"" or ""me"". Used by males. Origin: Hokkien.",4.83720930232558,5.8625,3.66101694915254,3.7258064516129
lobang,(noun) A term used to describe an opportunity or chance. Origin: Malay.,6.86516853932584,4.8,3.22950819672131,2.77049180327869
lombang,"(noun) Used to refer to hitching a ride or taking advantage of an opportunity, often in a casual context. Origin: Hokkien; Chinese.",6.04545454545455,5.125,3.35483870967742,2.64516129032258
long zhong,"(adverb) Used to indicate ""altogether"" or ""in total."" Origin: Hokkien.",5.63793103448276,5.59322033898305,2.75609756097561,2.89583333333333
lor,"(particle) Tagged at the end of a sentence to emphasize or indicate that something should be obvious or self-evident, or to express inevitability. Origin: Cantonese.",5.62921348314607,4.25925925925926,1.63934426229508,2.5
luan,(adjective) Used to describe something that is very messy or disorganized. Origin: Hokkien.,4.39130434782609,5.48275862068965,2.86,2.60869565217391
lun zun,(adjective) Used to describe someone who is careless or clumsy. Origin: Cantonese.,4.475,5.53333333333333,2.96428571428571,2.97222222222222
macam,(conjunction) Like; means to resemble or be like something. Origin: Malay.,5.77464788732394,4.97101449275362,2.03703703703704,3.10526315789474
mafan,(noun) Troublesome Origin: Mandarin.,4.11111111111111,5.69512195121951,2.58730158730159,2.69354838709677
mah,"(particle) Used to point out that a reason is obvious, self-evident, or must logically follow from a previous condition. Origin: Cantonese.",5.67816091954023,4.42105263157895,1.40983606557377,2.59677419354839
makan,(verb) To eat. Origin: Malay.,7.86666666666667,5.20731707317073,4.52380952380952,2.08064516129032
makcik,(noun) An auntie persona. Origin: Malay.,6.05194805194805,4.25,4.09259259259259,2.65
malu,(adjective) Embarrassing. Usually used when someone makes a fool of themselves. Origin: Malay.,3.88333333333333,5.3448275862069,2.85416666666667,3
mampat,(adjective) Tight or firm. Usually referring to a woman's posterior or clothing. Origin: Malay.,4.7,5.72222222222222,2.5,2.625
mang zang,(adjective) Irritable or easily annoyed. Origin: Cantonese.,4.07317073170732,5.64864864864865,2.29166666666667,2.64
masak-masak,"(noun) Play-cooking, an activity done by children where they pretend to cook using toy ingredients and utensils. Origin: Malay.",5.6304347826087,4.60975609756098,3.45454545454545,2.8
mata,(noun) A police officer. Origin: Malay.,4.51315789473684,5.28571428571429,4.08771929824561,2.60344827586207
mati,(verb/interjection/noun) 1. To die. 2. To be done for. 3. Death. Origin: Malay.,3.39189189189189,5.45714285714286,3.55357142857143,2.82352941176471
meh,(particle) Tagged at the end of a question to impart a surprised tone or express skepticism. Origin: Cantonese.,5.42222222222222,3.59259259259259,1.6031746031746,2.64516129032258
mong cha cha,"(verb) To behave in a ""blur"" manner, being unaware of what is going on around; absentminded. Origin: Cantonese.",4.55555555555556,4.91666666666667,2.32142857142857,3.37931034482759
mug,"(verb) To cram for academic tests; used interchangeably with ""study."" Origin: English.",4.66666666666667,5.32051282051282,3.63793103448276,3
neh neh,(noun) A colloquial term for a woman's chest or breasts. Origin: Hokkien.,4.72093023255814,5.82051282051282,3.37704918032787,3.57627118644068
neh neh pok,(noun) A colloquial term for nipples. Origin: Hokkien.,4.25842696629214,6.075,3.85245901639344,3.73333333333333
ngeow,(adjective) 1. Used to describe someone who is overly meticulous or tries to find fault in everything. 2. Can also refer to someone stingy. Origin: Hokkien.,3.54411764705882,5.8,2.64285714285714,3.24324324324324
nia,"(particle) Used to depict the meaning of ""only"". May also be used to downplay intensity. Origin: Teochew.",5.23529411764706,5.17910447761194,1.56,2.75
nia gong,(noun) Meaning your grandfather. Origin: Teochew.,4.47222222222222,5.625,2.11111111111111,3.10526315789474
nia gong de ji dan,"(noun) Direct translation of ""your grandfather's egg"", used in a confrontational or insulting manner. Origin: Hokkien.",3.96875,6.38461538461539,2.26315789473684,3.5
no eye see,(phrase) Means cannot bear to look at or do not want to know. Origin: English; Cantonese.,4.375,5.51515151515152,2.80392156862745,3.30188679245283
no horse run,(adjective) Used to describe something that is far superior to others. Origin: Hokkien.,4.87878787878788,5.36666666666667,2.36363636363636,3.18518518518519
nua,(verb) Lazing around or resting. Origin: Hokkien.,6.75308641975309,4.43421052631579,3.10344827586207,3.19298245614035
obiang,(adjective) Describes someone or something that is desperately out of fashion. Origin: English; Hokkien.,4,5.44186046511628,2.57575757575758,3.1875
orbi,(phrase) Used to mean 'serves you right'. ,4.15384615384615,5.40476190476191,2.09090909090909,3
orh,"(interjection/particle) Used to express understanding, acknowledgment, or agreement, similar to ""yes"" or ""okay""; used to confirm the speaker's comprehension of something; can express confusion or doubt; can be used in a sarcastic tone or as a disinterested acknowledgment of what someone has just said. Origin: Chinese.",5.31034482758621,4.1358024691358,1.6984126984127,2.83870967741935
orh hor,(interjection) Used when someone has done something wrong and will now face trouble or consequences. Origin : Hokkien,4.59550561797753,6.34567901234568,1.84126984126984,3.70967741935484
oso,"(adverb) Short for ""also."" Used to emphasize an object. Origin: English.",5.62352941176471,4.175,2.13793103448276,2.67213114754098
ownself,(pronoun) Refers to oneself; myself. Origin: English.,5.42222222222222,4.05,3.09677419354839,2.62903225806452
pai kia,(noun) Meaning a 'hooligan' or 'gangster'. Origin: Teochew.,3.64772727272727,6.06172839506173,3.53968253968254,3.31147540983607
pai tao,(verb) 1. To be arrogant 2. To stand someone up. Origin: Hokkien.,3.41666666666667,5.88235294117647,2.61111111111111,2.8974358974359
paiseh,(adjective/ interjection) 1. Sorry. 2. Means to be embarrassed. Typically used as an apology after making an embarrassing mistake. Origin: Hokkien.,4.86666666666667,5.09756097560976,2.53968253968254,2.83870967741935
pak chiu cheng,(verb) To masturbate. Origin: Hokkien.,5,5.54838709677419,3.29411764705882,3.88888888888889
pak tor,(verb) To go on a date or be in a romantic relationship. Origin: Cantonese.,6.30379746835443,5.84285714285714,3.8,3.0655737704918
pak zam,(verb) To get or receive an injection. Origin: Min Nan.,4.6,5.32258064516129,3.68181818181818,2.8
pang chance,(verb) To give someone an opportunity or leeway. Origin: Hokkien; English.,5.10909090909091,5.54545454545455,2.53125,3.16666666666667
pang jio,(verb/noun) 1. To urinate. 2. urine; pee Origin: Hokkien.,4.77358490566038,5.44897959183673,3.23076923076923,2.75675675675676
pang sai,(verb/noun) 1. To defecate. 2. Faeces; poop Origin: Hokkien.,4.70786516853933,5.65853658536585,4.09523809523809,3.56451612903226
pang seh,(verb) To stand someone up; to miss an agreed appointment. Origin: Hokkien.,3.79487179487179,6.03076923076923,2.97916666666667,3.14035087719298
pariah,(noun) 1. Something unsightly or disgusting. 2. Something of low status or quality. 3. An outcast. Origin: Tamil.,3.71428571428571,5.75,2.83333333333333,2.58333333333333
pasar malam,(noun) Night market. Origin: Malay.,7.54444444444444,5.40243902439024,4.3968253968254,2.08064516129032
photostat,(noun) Photocopy. Origin: English.,5.02325581395349,4.13636363636364,3.67567567567568,2.76923076923077
pia,(verb) 1. To put all one's effort into something. 2. To fight; to quarrel. Origin: Hokkien,5.05555555555556,5.02702702702703,3.04545454545455,2.84615384615385
piak piak,(verb/interjection/noun) 1. To have sexual intercourse. 2. The sound of a slap or hit. 3. Sexual intercourse. Origin: Hokkien.,4.96428571428571,6.33333333333333,3.66666666666667,3.83606557377049
pok kai,"(adjective/interjection) 1. Broke. 2. Used to curse people, similar to ""Go to hell"". Origin: Cantonese.",3.56,6.1875,2.97142857142857,3.64102564102564
pon,(verb) To play truant. Origin: Malay.,5.875,5.75324675324675,3.03225806451613,3.14516129032258
puki,(noun) 1. Vulgar term for female genitalia. 2. Cunt; bitch; fucker. Origin: Malay.,4.63636363636364,6.2,2.95652173913043,3.46153846153846
rabak,(adjective) A term describing a situation out of hand; state of havoc; terrible. Origin: Malay.,4.67415730337079,6.0125,2.49180327868852,3.49180327868852
sabo,(verb) To sabotage; To purposely hinder or prevent someone or something's success. Origin: English.,3.28089887640449,6.12345679012346,3.14285714285714,3.09836065573771
sakar,(verb) To flatter or suck up to someone. Origin: Malay.,4.04761904761905,5.5,2.45454545454545,2.90909090909091
sam seng,(noun/adjective) A gangster or hooligan. Origin: Hokkien.,3.86666666666667,5.53333333333333,2.66666666666667,3.25925925925926
saman,(noun) A fine or monetary penalty. Origin: Malay.,2.7972972972973,6.390625,4,2.59615384615385
sampat,"(noun/adjective) 1. A woman who behaves irrationally, is slightly crazy, and has traits such as being unreasonable or frivolous. 2. Behaving irrationally and crazily. Origin: Hokkien.",4.63636363636364,4.81395348837209,2.80769230769231,2.83870967741935
see first,(verb/interjection) 1.To investigate the prospects of something; test the waters. 2. Used to express that the prospects of something can only be known after more investigation. Origin: English.,5.33707865168539,4.76829268292683,2.6984126984127,2.54838709677419
see me no up,(expression) To look down on the speaker; to express disdain or derision toward them. Origin: Mandarin.,3.74576271186441,5.70588235294118,2.28571428571429,3.37142857142857
see you very up,"(expression) Used to indicate that someone deserves or is worthy of something, often as a compliment or affirmation. ",5.9,5.88059701492537,2.26923076923077,3.3265306122449
sei,(verb) To be steady or calm. Origin: Hokkien.,5.73529411764706,5.32258064516129,1.80851063829787,3
sekali,(adverb) 1. Suddenly; unexpectedly. 2. Lest; what if. Origin: Malay.,5.74418604651163,5.0253164556962,1.66666666666667,3.29508196721311
shame shame,(verb) To describe something very disgraceful or embarrassing. Origin: English.,3.85714285714286,5.725,2.70491803278689,3.3448275862069
shiok,"(adjective/interjection) Used to express sheer delight, enjoyment, or satisfaction with an experience, especially in the context of eating food. Origin: Malay.",7.87777777777778,6,2.93650793650794,3.03225806451613
showflat,"(noun) An event held by an estate agency that spans several weeks to promote a housing project, usually condominiums. Origin: English.",5.375,4.53333333333333,3.77777777777778,2.12121212121212
si mi lan jiao,"(interjection) 1. ""Huh?""; ""What?""; an expression of surprise, incredulity, or confusion. 2. ""What the hell is it?""; used rudely to ask someone to get to the point or speak their mind. Origin: Hokkien.",3.88636363636364,6.84615384615385,1.87096774193548,3.7258064516129
si mi tai dzi,"(interjection) Similar to ""What's up?"" or ""What again?"" Used to curtly ask someone to get to the point or speak their mind. Origin: Hokkien.",4.51724137931035,6.30864197530864,2.07936507936508,3.67213114754098
sia,(particle) Used at the end of a clause as an intensifier; adds a degree of coarseness. Origin: Malay.,5.9,4.75609756097561,1.59677419354839,2.70967741935484
siam,"(verb/interjection) 1. To get out of the way. 2. Similar to ""move aside."" Origin: Hokkien; Cantonese.",4.50574712643678,5.89024390243902,3.5,3.03225806451613
sian,"(adjective/interjection) 1. Bored, tired, or sick of something. 2. An expression of frustration or boredom. Origin: Hokkien.",4.32222222222222,4.75609756097561,2.73015873015873,2.85483870967742
siao,(interjection/ adjective) 1. Crazy 2. Used to refer to somebody who is a fanatic. Origin: Hokkien.,4.81111111111111,6.41463414634146,2.95161290322581,3.45161290322581
sibei,"(adverb) Similar to ""very"". Used as an intensifier. Origin: Teochew.",5.37078651685393,6.16049382716049,1.95238095238095,3.24193548387097
simi,"(determiner/ interjection) 1. What; which. 2. Similar to ""I beg your pardon."" Origin: Hokkien.",5.06666666666667,5.81707317073171,2,3.16129032258065
sod,"(adjective/interjection/verb) 1. Describes a machine, person, or object that has gone haywire or is malfunctioning; having a screw loose. 2. To go crazy. 3. An expression indicating that someone is crazy. Origin: Cantonese.",4.05769230769231,6,2.74285714285714,3.85714285714286
song,"(adjective) To express pleasure or excitement, often used when something feels good or enjoyable. Origin: Hokkien.",6.33333333333333,4.54237288135593,2.96969696969697,2.75862068965517
sor zai,(noun) A silly or foolish person. Origin: Cantonese.,4.23529411764706,5.70967741935484,2.84615384615385,3.08695652173913
sotong,(noun) 1. A forgetful or clueless person. 2. A squid or cuttlefish. Origin: Malay.,4.52808988764045,4.79268292682927,3.22222222222222,3.59016393442623
steady pom pi pi,"(adjective/interjection) 1. Describes someone who remains calm and composed under pressure or during a crisis; steady. 2. Used to express approval or agreement, similar to ""alright"" or ""nice.""",6.14285714285714,5.45454545454545,2.20967741935484,3.6
suay,(adjective/ interjection) 1. Unlucky. 2. Expression of despair or disappointment at an unfortunate situation or a stroke of bad luck. Origin: Hokkien; Teochew.,3.74157303370787,5.7037037037037,2.58333333333333,3.01612903225806
sui,(adjective) 1. Perfect; just right. 2. Excellent; nice. 3. Pretty; beautiful. Origin: Hokkien.,5.26760563380282,5.94444444444444,2.46153846153846,3.02
suka,(verb) 1. To like or enjoy something. 2. To feel like doing something. Origin: Malay.,5.76744186046512,5.17105263157895,2.33333333333333,3.21052631578947
swaku,(adjective/noun) Not well-informed or backward; a country bumpkin. Origin: Hokkien.,4.27692307692308,5.63333333333333,2.95652173913043,3.36
swee,(adjective/interjection) 1. Beautiful; good looking 2. Excellent; nice 3. Neat; tidy. Origin: Hokkien.,7.27586206896552,6.06329113924051,2.1864406779661,3.14516129032258
tahan,(verb) To handle or tolerate. Origin: Malay.,4.94444444444444,4.81707317073171,2.77777777777778,2.7258064516129
tak boleh,(verb) Cannot; To be unable to. Origin: Malay.,4.70731707317073,5.05194805194805,2.57894736842105,2.98275862068966
tak boleh tahan,(verb) Cannot endure; used when someone cannot withstand someone or something. Origin: Malay.,4.44705882352941,5.73076923076923,2.76666666666667,3.33898305084746
talk cock,(verb) To talk nonsense or engage in idle banter. Origin: English; Hokkien.,5.32222222222222,5.92682926829268,3.07936507936508,3.67741935483871
tan ku ku,"(verb/expression) 1. To wait for something that will never happen. 2. To express that something has a very low chance of happening, making it a futile endeavor. Origin: Hokkien.",4.78723404255319,5.66666666666667,2.4,3.66666666666667
tau pok,"(noun/verb) 1. A term used to describe a situation where people throw themselves into a pile, usually for fun or as a form of bullying. 2. A deep-fried puffed tofu with a spongy texture. Origin: Cantonese.",5.76623376623377,4.90540540540541,4.14035087719298,2.55172413793103
teh,(noun) Tea. Commonly used in Singapore's coffee shops to refer to different styles of tea preparation. Origin: Hokkien.,7.26136363636364,4.36708860759494,4.24137931034483,2.08620689655172
tekan,"(verb/noun) To bully, punish, or put someone under pressure. Origin: Malay.",3.4,6.26388888888889,2.98245614035088,2.9344262295082
tembalik,(noun) Upside-down or inverted. Origin: Malay.,5.15942028985507,5.25925925925926,3.34042553191489,3.18181818181818
tio,(interjection/adjective) Correct; right; true. Origin: Hokkien.,4.95652173913043,5.53225806451613,2.39622641509434,2.77358490566038
toot,"(noun) A stupid, awkward, uncool or silly person.",4.8030303030303,5.66666666666667,2.3125,3.58823529411765
towkay,(noun) Head of the house or company; also used to refer to a boss. Origin: Hokkien.,5.25675675675676,4.90625,3.43636363636364,2.56896551724138
tua kee,(noun/adjective) 1. Used to describe important or significant people. 2. Long; large. 3. Having a big penis. 4. Someone who presents themselves as very important. Origin: Hokkien.,4.75,5.07692307692308,2.83333333333333,2.75
tuang,"(verb) To hang out and not do anything, often used to describe skipping classes or avoiding responsibilities. Origin: Malay.",4.72727272727273,4.94444444444444,2.66666666666667,2.58823529411765
tyco,(adjective) Extremely lucky. Origin: Min Nan.,5.70833333333333,5.40540540540541,2.52777777777778,2.72727272727273
ulu,(adjective) Used to describe a rural or remote area or someone who is considered a country bumpkin. Origin: Malay.,4.07954545454545,5.14814814814815,3.24193548387097,2.66129032258065
un,(verb) Abbreviation for 'understand'. Origin: English; Cantonese.,4.92307692307692,4.46428571428571,1.69230769230769,2.55
up lorry,(verb) Used to describe a person who has passed away or an item that is spoiled and no longer usable; to die. Origin: Hokkien; English.,4.92307692307692,4.64,2.70588235294118,2.45454545454545
very the,"(phrase) Very; quite, often used with a sarcastic tone. Origin: English.",5.28235294117647,5.30263157894737,1.88709677419355,3.21311475409836
vomit blood,(verb/adjective/interjection) To experience extreme difficulty or irritation; to be overwhelmed by a situation; to express intense frustration. Origin: English; Hokkien; Cantonese.,4,6.28048780487805,2.95238095238095,3.35483870967742
wa kao,"(interjection) An expression of shock or disbelief; similar to ""holy crap."" Origin: Mandarin.",4.64864864864865,6.80597014925373,1.98076923076923,3.48148148148148
wa(h) lan,"(interjection) A vulgar expression of frustration, shock, or anger. Origin: Hokkien.",4.32926829268293,6.23684210526316,1.85964912280702,3.29310344827586
wah lao (wa lau),"(interjection) An expression of shock, disbelief, or distress, similar to ""Oh my God."" Origin: Hokkien.",5.33333333333333,6.32926829268293,1.79365079365079,3.38709677419355
wah seh,"(interjection) An expression of shock, surprise, admiration, or amazement, similar to ""wow."" Origin: Mandarin.",6,6.04938271604938,1.93650793650794,3.2741935483871
wayang,"(noun/adjective) Acting or putting on a display, often in an insincere or performative manner; pretending to be busy with work when they are not. Origin: Malay.",3.7625,6.06944444444444,2.76271186440678,3.1551724137931
white horse,"(noun) The son of a government official, soldier, or influential person, often referring to someone with privilege or special treatment. Origin: English.",4.81034482758621,5.18181818181818,3.34883720930233,2.66666666666667
xia lan,(adjective) Arrogant; egoistic; pretentious. Origin: Hokkien.,3.825,5.94594594594595,2.34615384615385,2.70833333333333
xia suay,(adjective/verb) Disgrace; embarrassment or to embarrass. Origin: Hokkien.,3.57692307692308,6.26086956521739,2.6,3.29824561403509
yandao,(noun/ adjective) A handsome male. Origin: Hokkien.,6.46551724137931,6.0625,3.47368421052632,3.31707317073171
yaya papaya,"(noun/adjective) Used to describe someone who's proud, arrogant, or someone who shows off. Origin: English.",3.88636363636364,5.7037037037037,2.38095238095238,3.5
your head,"(interjection) Meaning ""my ass""; ""my foot""; expression of disbelief, disagreement, doubt, etc., used to retort to something one thinks is highly unlikely or untrue. Origin: English; Cantonese; Malay.",4.71111111111111,6.15853658536585,2.20634920634921,3.95161290322581
zai,(adjective) Extremely skilled; of exceptional ability. Origin: Hokkien.,6.95121951219512,5.72972972972973,2.58064516129032,3.05
zao hor,(adjective) Impressive. Origin: Hokkien.,5.08333333333333,5.325,2.7,2.82758620689655
zao kng,(verb/noun) To have a wardrobe malfunction; an accidental exposure. Origin: Hokkien.,4.30952380952381,5.53488372093023,2.82352941176471,3.125
zha bor,(noun) Girl; woman. Origin: Min Nan.,4.83908045977012,5.79012345679012,4.03225806451613,2.80645161290323
zhun,"(adjective) Accurate, spot on. Origin: Hokkien; Mandarin.",6.3125,5.0958904109589,2.53703703703704,2.69090909090909
zi siao,"(verb) To disturb, ridicule, or tease. Origin: Hokkien.",4.375,5.66666666666667,2.4,3.18181818181818
